path,label
/Users/ysaismartinez/Documents/DeepLearning_ComputerVisionProject/data/raw/Cat/Abyssinian_86.jpg,Cat
/Users/ysaismartinez/Documents/DeepLearning_ComputerVisionProject/data/raw/Dog/american_bulldog_60.jpg,Dog
/Users/ysaismartinez/Documents/DeepLearning_ComputerVisionProject/data/raw/Dog/american_bulldog_169.jpg,Dog
/Users/ysaismartinez/Documents/DeepLearning_ComputerVisionProject/data/raw/Dog/american_bulldog_173.jpg,Dog
/Users/ysaismartinez/Documents/DeepLearning_ComputerVisionProject/data/raw/Dog/american_bulldog_91.jpg,Dog
/Users/ysaismartinez/Documents/DeepLearning_ComputerVisionProject/data/raw/Cat/Abyssinian_121.jpg,Cat
/Users/ysaismartinez/Documents/DeepLearning_ComputerVisionProject/data/raw/Dog/american_bulldog_202.jpg,Dog
/Users/ysaismartinez/Documents/DeepLearning_ComputerVisionProject/data/raw/Cat/Abyssinian_47.jpg,Cat
/Users/ysaismartinez/Documents/DeepLearning_ComputerVisionProject/data/raw/Cat/Abyssinian_65.jpg,Cat
/Users/ysaismartinez/Documents/DeepLearning_ComputerVisionProject/data/raw/Cat/Abyssinian_142.jpg,Cat
/Users/ysaismartinez/Documents/DeepLearning_ComputerVisionProject/data/raw/Cat/Abyssinian_173.jpg,Cat
/Users/ysaismartinez/Documents/DeepLearning_ComputerVisionProject/data/raw/Cat/Abyssinian_101.jpg,Cat
/Users/ysaismartinez/Documents/DeepLearning_ComputerVisionProject/data/raw/Dog/american_bulldog_175.jpg,Dog
/Users/ysaismartinez/Documents/DeepLearning_ComputerVisionProject/data/raw/Cat/Abyssinian_43.jpg,Cat
/Users/ysaismartinez/Documents/DeepLearning_ComputerVisionProject/data/raw/Dog/american_bulldog_152.jpg,Dog
/Users/ysaismartinez/Documents/DeepLearning_ComputerVisionProject/data/raw/Dog/american_bulldog_21.jpg,Dog
/Users/ysaismartinez/Documents/DeepLearning_ComputerVisionProject/data/raw/Dog/american_bulldog_68.jpg,Dog
/Users/ysaismartinez/Documents/DeepLearning_ComputerVisionProject/data/raw/Cat/Abyssinian_63.jpg,Cat
/Users/ysaismartinez/Documents/DeepLearning_ComputerVisionProject/data/raw/Dog/american_bulldog_218.jpg,Dog
/Users/ysaismartinez/Documents/DeepLearning_ComputerVisionProject/data/raw/Dog/american_bulldog_196.jpg,Dog
/Users/ysaismartinez/Documents/DeepLearning_ComputerVisionProject/data/raw/Dog/american_bulldog_55.jpg,Dog
/Users/ysaismartinez/Documents/DeepLearning_ComputerVisionProject/data/raw/Cat/Abyssinian_164.jpg,Cat
/Users/ysaismartinez/Documents/DeepLearning_ComputerVisionProject/data/raw/Cat/Abyssinian_182.jpg,Cat
/Users/ysaismartinez/Documents/DeepLearning_ComputerVisionProject/data/raw/Cat/Abyssinian_134.jpg,Cat
/Users/ysaismartinez/Documents/DeepLearning_ComputerVisionProject/data/raw/Dog/american_bulldog_13.jpg,Dog
/Users/ysaismartinez/Documents/DeepLearning_ComputerVisionProject/data/raw/Dog/american_bulldog_112.jpg,Dog
/Users/ysaismartinez/Documents/DeepLearning_ComputerVisionProject/data/raw/Cat/Abyssinian_172.jpg,Cat
/Users/ysaismartinez/Documents/DeepLearning_ComputerVisionProject/data/raw/Dog/american_bulldog_183.jpg,Dog
/Users/ysaismartinez/Documents/DeepLearning_ComputerVisionProject/data/raw/Cat/Abyssinian_107.jpg,Cat
/Users/ysaismartinez/Documents/DeepLearning_ComputerVisionProject/data/raw/Cat/Abyssinian_219.jpg,Cat
/Users/ysaismartinez/Documents/DeepLearning_ComputerVisionProject/data/raw/Cat/Abyssinian_76.jpg,Cat
/Users/ysaismartinez/Documents/DeepLearning_ComputerVisionProject/data/raw/Dog/american_bulldog_86.jpg,Dog
/Users/ysaismartinez/Documents/DeepLearning_ComputerVisionProject/data/raw/Dog/american_bulldog_22.jpg,Dog
/Users/ysaismartinez/Documents/DeepLearning_ComputerVisionProject/data/raw/Dog/american_bulldog_29.jpg,Dog
/Users/ysaismartinez/Documents/DeepLearning_ComputerVisionProject/data/raw/Dog/american_bulldog_187.jpg,Dog
/Users/ysaismartinez/Documents/DeepLearning_ComputerVisionProject/data/raw/Cat/Abyssinian_99.jpg,Cat
/Users/ysaismartinez/Documents/DeepLearning_ComputerVisionProject/data/raw/Dog/american_bulldog_182.jpg,Dog
/Users/ysaismartinez/Documents/DeepLearning_ComputerVisionProject/data/raw/Cat/Abyssinian_183.jpg,Cat
/Users/ysaismartinez/Documents/DeepLearning_ComputerVisionProject/data/raw/Dog/american_bulldog_92.jpg,Dog
/Users/ysaismartinez/Documents/DeepLearning_ComputerVisionProject/data/raw/Dog/american_bulldog_184.jpg,Dog
/Users/ysaismartinez/Documents/DeepLearning_ComputerVisionProject/data/raw/Dog/american_bulldog_167.jpg,Dog
/Users/ysaismartinez/Documents/DeepLearning_ComputerVisionProject/data/raw/Dog/american_bulldog_65.jpg,Dog
/Users/ysaismartinez/Documents/DeepLearning_ComputerVisionProject/data/raw/Dog/american_bulldog_158.jpg,Dog
/Users/ysaismartinez/Documents/DeepLearning_ComputerVisionProject/data/raw/Dog/american_bulldog_34.jpg,Dog
/Users/ysaismartinez/Documents/DeepLearning_ComputerVisionProject/data/raw/Cat/Abyssinian_223.jpg,Cat
/Users/ysaismartinez/Documents/DeepLearning_ComputerVisionProject/data/raw/Dog/american_bulldog_135.jpg,Dog
/Users/ysaismartinez/Documents/DeepLearning_ComputerVisionProject/data/raw/Dog/american_bulldog_20.jpg,Dog
/Users/ysaismartinez/Documents/DeepLearning_ComputerVisionProject/data/raw/Cat/Abyssinian_14.jpg,Cat
/Users/ysaismartinez/Documents/DeepLearning_ComputerVisionProject/data/raw/Dog/american_bulldog_57.jpg,Dog
/Users/ysaismartinez/Documents/DeepLearning_ComputerVisionProject/data/raw/Dog/american_bulldog_44.jpg,Dog
/Users/ysaismartinez/Documents/DeepLearning_ComputerVisionProject/data/raw/Dog/american_bulldog_97.jpg,Dog
/Users/ysaismartinez/Documents/DeepLearning_ComputerVisionProject/data/raw/Dog/american_bulldog_136.jpg,Dog
/Users/ysaismartinez/Documents/DeepLearning_ComputerVisionProject/data/raw/Cat/Abyssinian_20.jpg,Cat
/Users/ysaismartinez/Documents/DeepLearning_ComputerVisionProject/data/raw/Cat/Abyssinian_48.jpg,Cat
/Users/ysaismartinez/Documents/DeepLearning_ComputerVisionProject/data/raw/Cat/Abyssinian_124.jpg,Cat
/Users/ysaismartinez/Documents/DeepLearning_ComputerVisionProject/data/raw/Dog/american_bulldog_15.jpg,Dog
/Users/ysaismartinez/Documents/DeepLearning_ComputerVisionProject/data/raw/Cat/Abyssinian_180.jpg,Cat
/Users/ysaismartinez/Documents/DeepLearning_ComputerVisionProject/data/raw/Cat/Abyssinian_3.jpg,Cat
/Users/ysaismartinez/Documents/DeepLearning_ComputerVisionProject/data/raw/Dog/american_bulldog_78.jpg,Dog
/Users/ysaismartinez/Documents/DeepLearning_ComputerVisionProject/data/raw/Cat/Abyssinian_33.jpg,Cat
/Users/ysaismartinez/Documents/DeepLearning_ComputerVisionProject/data/raw/Cat/Abyssinian_17.jpg,Cat
/Users/ysaismartinez/Documents/DeepLearning_ComputerVisionProject/data/raw/Cat/Abyssinian_67.jpg,Cat
/Users/ysaismartinez/Documents/DeepLearning_ComputerVisionProject/data/raw/Dog/american_bulldog_137.jpg,Dog
/Users/ysaismartinez/Documents/DeepLearning_ComputerVisionProject/data/raw/Dog/american_bulldog_62.jpg,Dog
/Users/ysaismartinez/Documents/DeepLearning_ComputerVisionProject/data/raw/Cat/Abyssinian_91.jpg,Cat
/Users/ysaismartinez/Documents/DeepLearning_ComputerVisionProject/data/raw/Dog/american_bulldog_53.jpg,Dog
/Users/ysaismartinez/Documents/DeepLearning_ComputerVisionProject/data/raw/Cat/Abyssinian_192.jpg,Cat
/Users/ysaismartinez/Documents/DeepLearning_ComputerVisionProject/data/raw/Dog/american_bulldog_37.jpg,Dog
/Users/ysaismartinez/Documents/DeepLearning_ComputerVisionProject/data/raw/Dog/american_bulldog_216.jpg,Dog
/Users/ysaismartinez/Documents/DeepLearning_ComputerVisionProject/data/raw/Cat/Abyssinian_141.jpg,Cat
/Users/ysaismartinez/Documents/DeepLearning_ComputerVisionProject/data/raw/Cat/Abyssinian_226.jpg,Cat
/Users/ysaismartinez/Documents/DeepLearning_ComputerVisionProject/data/raw/Cat/Abyssinian_139.jpg,Cat
/Users/ysaismartinez/Documents/DeepLearning_ComputerVisionProject/data/raw/Cat/Abyssinian_37.jpg,Cat
/Users/ysaismartinez/Documents/DeepLearning_ComputerVisionProject/data/raw/Cat/Abyssinian_31.jpg,Cat
/Users/ysaismartinez/Documents/DeepLearning_ComputerVisionProject/data/raw/Dog/american_bulldog_110.jpg,Dog
/Users/ysaismartinez/Documents/DeepLearning_ComputerVisionProject/data/raw/Cat/Abyssinian_220.jpg,Cat
/Users/ysaismartinez/Documents/DeepLearning_ComputerVisionProject/data/raw/Dog/american_bulldog_147.jpg,Dog
/Users/ysaismartinez/Documents/DeepLearning_ComputerVisionProject/data/raw/Dog/american_bulldog_89.jpg,Dog
/Users/ysaismartinez/Documents/DeepLearning_ComputerVisionProject/data/raw/Dog/american_bulldog_125.jpg,Dog
/Users/ysaismartinez/Documents/DeepLearning_ComputerVisionProject/data/raw/Dog/american_bulldog_76.jpg,Dog
/Users/ysaismartinez/Documents/DeepLearning_ComputerVisionProject/data/raw/Cat/Abyssinian_125.jpg,Cat
/Users/ysaismartinez/Documents/DeepLearning_ComputerVisionProject/data/raw/Dog/american_bulldog_207.jpg,Dog
/Users/ysaismartinez/Documents/DeepLearning_ComputerVisionProject/data/raw/Dog/american_bulldog_180.jpg,Dog
/Users/ysaismartinez/Documents/DeepLearning_ComputerVisionProject/data/raw/Dog/american_bulldog_115.jpg,Dog
/Users/ysaismartinez/Documents/DeepLearning_ComputerVisionProject/data/raw/Cat/Abyssinian_161.jpg,Cat
/Users/ysaismartinez/Documents/DeepLearning_ComputerVisionProject/data/raw/Dog/american_bulldog_192.jpg,Dog
/Users/ysaismartinez/Documents/DeepLearning_ComputerVisionProject/data/raw/Cat/Abyssinian_228.jpg,Cat
/Users/ysaismartinez/Documents/DeepLearning_ComputerVisionProject/data/raw/Cat/Abyssinian_205.jpg,Cat
/Users/ysaismartinez/Documents/DeepLearning_ComputerVisionProject/data/raw/Cat/Abyssinian_230.jpg,Cat
/Users/ysaismartinez/Documents/DeepLearning_ComputerVisionProject/data/raw/Cat/Abyssinian_88.jpg,Cat
/Users/ysaismartinez/Documents/DeepLearning_ComputerVisionProject/data/raw/Dog/american_bulldog_66.jpg,Dog
/Users/ysaismartinez/Documents/DeepLearning_ComputerVisionProject/data/raw/Cat/Abyssinian_2.jpg,Cat
/Users/ysaismartinez/Documents/DeepLearning_ComputerVisionProject/data/raw/Cat/Abyssinian_196.jpg,Cat
/Users/ysaismartinez/Documents/DeepLearning_ComputerVisionProject/data/raw/Cat/Abyssinian_15.jpg,Cat
/Users/ysaismartinez/Documents/DeepLearning_ComputerVisionProject/data/raw/Dog/american_bulldog_185.jpg,Dog
/Users/ysaismartinez/Documents/DeepLearning_ComputerVisionProject/data/raw/Dog/american_bulldog_30.jpg,Dog
/Users/ysaismartinez/Documents/DeepLearning_ComputerVisionProject/data/raw/Cat/Abyssinian_13.jpg,Cat
/Users/ysaismartinez/Documents/DeepLearning_ComputerVisionProject/data/raw/Dog/american_bulldog_8.jpg,Dog
/Users/ysaismartinez/Documents/DeepLearning_ComputerVisionProject/data/raw/Dog/american_bulldog_90.jpg,Dog
/Users/ysaismartinez/Documents/DeepLearning_ComputerVisionProject/data/raw/Cat/Abyssinian_126.jpg,Cat
/Users/ysaismartinez/Documents/DeepLearning_ComputerVisionProject/data/raw/Dog/american_bulldog_168.jpg,Dog
/Users/ysaismartinez/Documents/DeepLearning_ComputerVisionProject/data/raw/Cat/Abyssinian_184.jpg,Cat
/Users/ysaismartinez/Documents/DeepLearning_ComputerVisionProject/data/raw/Cat/Abyssinian_177.jpg,Cat
/Users/ysaismartinez/Documents/DeepLearning_ComputerVisionProject/data/raw/Cat/Abyssinian_79.jpg,Cat
/Users/ysaismartinez/Documents/DeepLearning_ComputerVisionProject/data/raw/Cat/Abyssinian_138.jpg,Cat
/Users/ysaismartinez/Documents/DeepLearning_ComputerVisionProject/data/raw/Cat/Abyssinian_174.jpg,Cat
/Users/ysaismartinez/Documents/DeepLearning_ComputerVisionProject/data/raw/Dog/american_bulldog_35.jpg,Dog
/Users/ysaismartinez/Documents/DeepLearning_ComputerVisionProject/data/raw/Dog/american_bulldog_12.jpg,Dog
/Users/ysaismartinez/Documents/DeepLearning_ComputerVisionProject/data/raw/Dog/american_bulldog_214.jpg,Dog
/Users/ysaismartinez/Documents/DeepLearning_ComputerVisionProject/data/raw/Dog/american_bulldog_74.jpg,Dog
/Users/ysaismartinez/Documents/DeepLearning_ComputerVisionProject/data/raw/Dog/american_bulldog_51.jpg,Dog
/Users/ysaismartinez/Documents/DeepLearning_ComputerVisionProject/data/raw/Cat/Abyssinian_216.jpg,Cat
/Users/ysaismartinez/Documents/DeepLearning_ComputerVisionProject/data/raw/Dog/american_bulldog_73.jpg,Dog
/Users/ysaismartinez/Documents/DeepLearning_ComputerVisionProject/data/raw/Dog/american_bulldog_149.jpg,Dog
/Users/ysaismartinez/Documents/DeepLearning_ComputerVisionProject/data/raw/Dog/american_bulldog_24.jpg,Dog
/Users/ysaismartinez/Documents/DeepLearning_ComputerVisionProject/data/raw/Dog/american_bulldog_38.jpg,Dog
/Users/ysaismartinez/Documents/DeepLearning_ComputerVisionProject/data/raw/Dog/american_bulldog_200.jpg,Dog
/Users/ysaismartinez/Documents/DeepLearning_ComputerVisionProject/data/raw/Dog/american_bulldog_116.jpg,Dog
/Users/ysaismartinez/Documents/DeepLearning_ComputerVisionProject/data/raw/Cat/Abyssinian_32.jpg,Cat
/Users/ysaismartinez/Documents/DeepLearning_ComputerVisionProject/data/raw/Cat/Abyssinian_109.jpg,Cat
/Users/ysaismartinez/Documents/DeepLearning_ComputerVisionProject/data/raw/Dog/american_bulldog_176.jpg,Dog
/Users/ysaismartinez/Documents/DeepLearning_ComputerVisionProject/data/raw/Cat/Abyssinian_130.jpg,Cat
/Users/ysaismartinez/Documents/DeepLearning_ComputerVisionProject/data/raw/Dog/american_bulldog_190.jpg,Dog
/Users/ysaismartinez/Documents/DeepLearning_ComputerVisionProject/data/raw/Cat/Abyssinian_167.jpg,Cat
/Users/ysaismartinez/Documents/DeepLearning_ComputerVisionProject/data/raw/Dog/american_bulldog_71.jpg,Dog
/Users/ysaismartinez/Documents/DeepLearning_ComputerVisionProject/data/raw/Cat/Abyssinian_191.jpg,Cat
/Users/ysaismartinez/Documents/DeepLearning_ComputerVisionProject/data/raw/Dog/american_bulldog_96.jpg,Dog
/Users/ysaismartinez/Documents/DeepLearning_ComputerVisionProject/data/raw/Cat/Abyssinian_100.jpg,Cat
/Users/ysaismartinez/Documents/DeepLearning_ComputerVisionProject/data/raw/Dog/american_bulldog_23.jpg,Dog
/Users/ysaismartinez/Documents/DeepLearning_ComputerVisionProject/data/raw/Cat/Abyssinian_132.jpg,Cat
/Users/ysaismartinez/Documents/DeepLearning_ComputerVisionProject/data/raw/Dog/american_bulldog_7.jpg,Dog
/Users/ysaismartinez/Documents/DeepLearning_ComputerVisionProject/data/raw/Cat/Abyssinian_70.jpg,Cat
/Users/ysaismartinez/Documents/DeepLearning_ComputerVisionProject/data/raw/Dog/american_bulldog_81.jpg,Dog
/Users/ysaismartinez/Documents/DeepLearning_ComputerVisionProject/data/raw/Dog/american_bulldog_26.jpg,Dog
/Users/ysaismartinez/Documents/DeepLearning_ComputerVisionProject/data/raw/Cat/Abyssinian_26.jpg,Cat
/Users/ysaismartinez/Documents/DeepLearning_ComputerVisionProject/data/raw/Cat/Abyssinian_84.jpg,Cat
/Users/ysaismartinez/Documents/DeepLearning_ComputerVisionProject/data/raw/Cat/Abyssinian_195.jpg,Cat
/Users/ysaismartinez/Documents/DeepLearning_ComputerVisionProject/data/raw/Dog/american_bulldog_142.jpg,Dog
/Users/ysaismartinez/Documents/DeepLearning_ComputerVisionProject/data/raw/Dog/american_bulldog_188.jpg,Dog
/Users/ysaismartinez/Documents/DeepLearning_ComputerVisionProject/data/raw/Dog/american_bulldog_100.jpg,Dog
/Users/ysaismartinez/Documents/DeepLearning_ComputerVisionProject/data/raw/Dog/american_bulldog_198.jpg,Dog
/Users/ysaismartinez/Documents/DeepLearning_ComputerVisionProject/data/raw/Cat/Abyssinian_87.jpg,Cat
/Users/ysaismartinez/Documents/DeepLearning_ComputerVisionProject/data/raw/Cat/Abyssinian_92.jpg,Cat
/Users/ysaismartinez/Documents/DeepLearning_ComputerVisionProject/data/raw/Cat/Abyssinian_160.jpg,Cat
/Users/ysaismartinez/Documents/DeepLearning_ComputerVisionProject/data/raw/Cat/Abyssinian_7.jpg,Cat
/Users/ysaismartinez/Documents/DeepLearning_ComputerVisionProject/data/raw/Cat/Abyssinian_156.jpg,Cat
/Users/ysaismartinez/Documents/DeepLearning_ComputerVisionProject/data/raw/Dog/american_bulldog_178.jpg,Dog
/Users/ysaismartinez/Documents/DeepLearning_ComputerVisionProject/data/raw/Dog/american_bulldog_16.jpg,Dog
/Users/ysaismartinez/Documents/DeepLearning_ComputerVisionProject/data/raw/Dog/american_bulldog_189.jpg,Dog
/Users/ysaismartinez/Documents/DeepLearning_ComputerVisionProject/data/raw/Cat/Abyssinian_73.jpg,Cat
/Users/ysaismartinez/Documents/DeepLearning_ComputerVisionProject/data/raw/Cat/Abyssinian_118.jpg,Cat
/Users/ysaismartinez/Documents/DeepLearning_ComputerVisionProject/data/raw/Cat/Abyssinian_66.jpg,Cat
/Users/ysaismartinez/Documents/DeepLearning_ComputerVisionProject/data/raw/Cat/Abyssinian_135.jpg,Cat
/Users/ysaismartinez/Documents/DeepLearning_ComputerVisionProject/data/raw/Cat/Abyssinian_8.jpg,Cat
/Users/ysaismartinez/Documents/DeepLearning_ComputerVisionProject/data/raw/Cat/Abyssinian_96.jpg,Cat
/Users/ysaismartinez/Documents/DeepLearning_ComputerVisionProject/data/raw/Dog/american_bulldog_144.jpg,Dog
/Users/ysaismartinez/Documents/DeepLearning_ComputerVisionProject/data/raw/Dog/american_bulldog_10.jpg,Dog
/Users/ysaismartinez/Documents/DeepLearning_ComputerVisionProject/data/raw/Dog/american_bulldog_164.jpg,Dog
/Users/ysaismartinez/Documents/DeepLearning_ComputerVisionProject/data/raw/Dog/american_bulldog_19.jpg,Dog
/Users/ysaismartinez/Documents/DeepLearning_ComputerVisionProject/data/raw/Dog/american_bulldog_177.jpg,Dog
/Users/ysaismartinez/Documents/DeepLearning_ComputerVisionProject/data/raw/Cat/Abyssinian_148.jpg,Cat
/Users/ysaismartinez/Documents/DeepLearning_ComputerVisionProject/data/raw/Dog/american_bulldog_59.jpg,Dog
/Users/ysaismartinez/Documents/DeepLearning_ComputerVisionProject/data/raw/Cat/Abyssinian_127.jpg,Cat
/Users/ysaismartinez/Documents/DeepLearning_ComputerVisionProject/data/raw/Cat/Abyssinian_112.jpg,Cat
/Users/ysaismartinez/Documents/DeepLearning_ComputerVisionProject/data/raw/Cat/Abyssinian_221.jpg,Cat
/Users/ysaismartinez/Documents/DeepLearning_ComputerVisionProject/data/raw/Cat/Abyssinian_30.jpg,Cat
/Users/ysaismartinez/Documents/DeepLearning_ComputerVisionProject/data/raw/Dog/american_bulldog_138.jpg,Dog
/Users/ysaismartinez/Documents/DeepLearning_ComputerVisionProject/data/raw/Cat/Abyssinian_82.jpg,Cat
/Users/ysaismartinez/Documents/DeepLearning_ComputerVisionProject/data/raw/Dog/american_bulldog_122.jpg,Dog
/Users/ysaismartinez/Documents/DeepLearning_ComputerVisionProject/data/raw/Dog/american_bulldog_75.jpg,Dog
/Users/ysaismartinez/Documents/DeepLearning_ComputerVisionProject/data/raw/Dog/american_bulldog_14.jpg,Dog
/Users/ysaismartinez/Documents/DeepLearning_ComputerVisionProject/data/raw/Dog/american_bulldog_50.jpg,Dog
/Users/ysaismartinez/Documents/DeepLearning_ComputerVisionProject/data/raw/Cat/Abyssinian_25.jpg,Cat
/Users/ysaismartinez/Documents/DeepLearning_ComputerVisionProject/data/raw/Dog/american_bulldog_102.jpg,Dog
/Users/ysaismartinez/Documents/DeepLearning_ComputerVisionProject/data/raw/Dog/american_bulldog_146.jpg,Dog
/Users/ysaismartinez/Documents/DeepLearning_ComputerVisionProject/data/raw/Dog/american_bulldog_108.jpg,Dog
/Users/ysaismartinez/Documents/DeepLearning_ComputerVisionProject/data/raw/Cat/Abyssinian_224.jpg,Cat
/Users/ysaismartinez/Documents/DeepLearning_ComputerVisionProject/data/raw/Dog/american_bulldog_186.jpg,Dog
/Users/ysaismartinez/Documents/DeepLearning_ComputerVisionProject/data/raw/Dog/american_bulldog_212.jpg,Dog
/Users/ysaismartinez/Documents/DeepLearning_ComputerVisionProject/data/raw/Cat/Abyssinian_98.jpg,Cat
/Users/ysaismartinez/Documents/DeepLearning_ComputerVisionProject/data/raw/Cat/Abyssinian_123.jpg,Cat
/Users/ysaismartinez/Documents/DeepLearning_ComputerVisionProject/data/raw/Cat/Abyssinian_113.jpg,Cat
/Users/ysaismartinez/Documents/DeepLearning_ComputerVisionProject/data/raw/Cat/Abyssinian_122.jpg,Cat
/Users/ysaismartinez/Documents/DeepLearning_ComputerVisionProject/data/raw/Dog/american_bulldog_150.jpg,Dog
/Users/ysaismartinez/Documents/DeepLearning_ComputerVisionProject/data/raw/Dog/american_bulldog_11.jpg,Dog
/Users/ysaismartinez/Documents/DeepLearning_ComputerVisionProject/data/raw/Dog/american_bulldog_95.jpg,Dog
/Users/ysaismartinez/Documents/DeepLearning_ComputerVisionProject/data/raw/Dog/american_bulldog_118.jpg,Dog
/Users/ysaismartinez/Documents/DeepLearning_ComputerVisionProject/data/raw/Dog/american_bulldog_87.jpg,Dog
/Users/ysaismartinez/Documents/DeepLearning_ComputerVisionProject/data/raw/Cat/Abyssinian_136.jpg,Cat
/Users/ysaismartinez/Documents/DeepLearning_ComputerVisionProject/data/raw/Dog/american_bulldog_52.jpg,Dog
/Users/ysaismartinez/Documents/DeepLearning_ComputerVisionProject/data/raw/Cat/Abyssinian_215.jpg,Cat
/Users/ysaismartinez/Documents/DeepLearning_ComputerVisionProject/data/raw/Dog/american_bulldog_151.jpg,Dog
/Users/ysaismartinez/Documents/DeepLearning_ComputerVisionProject/data/raw/Dog/american_bulldog_41.jpg,Dog
/Users/ysaismartinez/Documents/DeepLearning_ComputerVisionProject/data/raw/Dog/american_bulldog_18.jpg,Dog
/Users/ysaismartinez/Documents/DeepLearning_ComputerVisionProject/data/raw/Cat/Abyssinian_93.jpg,Cat
/Users/ysaismartinez/Documents/DeepLearning_ComputerVisionProject/data/raw/Dog/american_bulldog_58.jpg,Dog
/Users/ysaismartinez/Documents/DeepLearning_ComputerVisionProject/data/raw/Cat/Abyssinian_155.jpg,Cat
/Users/ysaismartinez/Documents/DeepLearning_ComputerVisionProject/data/raw/Cat/Abyssinian_61.jpg,Cat
/Users/ysaismartinez/Documents/DeepLearning_ComputerVisionProject/data/raw/Cat/Abyssinian_151.jpg,Cat
/Users/ysaismartinez/Documents/DeepLearning_ComputerVisionProject/data/raw/Dog/american_bulldog_194.jpg,Dog
/Users/ysaismartinez/Documents/DeepLearning_ComputerVisionProject/data/raw/Dog/american_bulldog_40.jpg,Dog
/Users/ysaismartinez/Documents/DeepLearning_ComputerVisionProject/data/raw/Dog/american_bulldog_56.jpg,Dog
/Users/ysaismartinez/Documents/DeepLearning_ComputerVisionProject/data/raw/Cat/Abyssinian_44.jpg,Cat
/Users/ysaismartinez/Documents/DeepLearning_ComputerVisionProject/data/raw/Dog/american_bulldog_67.jpg,Dog
/Users/ysaismartinez/Documents/DeepLearning_ComputerVisionProject/data/raw/Dog/american_bulldog_109.jpg,Dog
/Users/ysaismartinez/Documents/DeepLearning_ComputerVisionProject/data/raw/Cat/Abyssinian_120.jpg,Cat
/Users/ysaismartinez/Documents/DeepLearning_ComputerVisionProject/data/raw/Cat/Abyssinian_102.jpg,Cat
/Users/ysaismartinez/Documents/DeepLearning_ComputerVisionProject/data/raw/Cat/Abyssinian_108.jpg,Cat
/Users/ysaismartinez/Documents/DeepLearning_ComputerVisionProject/data/raw/Cat/Abyssinian_212.jpg,Cat
/Users/ysaismartinez/Documents/DeepLearning_ComputerVisionProject/data/raw/Cat/Abyssinian_145.jpg,Cat
/Users/ysaismartinez/Documents/DeepLearning_ComputerVisionProject/data/raw/Cat/Abyssinian_144.jpg,Cat
/Users/ysaismartinez/Documents/DeepLearning_ComputerVisionProject/data/raw/Cat/Abyssinian_119.jpg,Cat
/Users/ysaismartinez/Documents/DeepLearning_ComputerVisionProject/data/raw/Cat/Abyssinian_21.jpg,Cat
/Users/ysaismartinez/Documents/DeepLearning_ComputerVisionProject/data/raw/Dog/american_bulldog_197.jpg,Dog
/Users/ysaismartinez/Documents/DeepLearning_ComputerVisionProject/data/raw/Cat/Abyssinian_131.jpg,Cat
/Users/ysaismartinez/Documents/DeepLearning_ComputerVisionProject/data/raw/Dog/american_bulldog_130.jpg,Dog
/Users/ysaismartinez/Documents/DeepLearning_ComputerVisionProject/data/raw/Cat/Abyssinian_90.jpg,Cat
/Users/ysaismartinez/Documents/DeepLearning_ComputerVisionProject/data/raw/Cat/Abyssinian_154.jpg,Cat
/Users/ysaismartinez/Documents/DeepLearning_ComputerVisionProject/data/raw/Cat/Abyssinian_170.jpg,Cat
/Users/ysaismartinez/Documents/DeepLearning_ComputerVisionProject/data/raw/Cat/Abyssinian_54.jpg,Cat
/Users/ysaismartinez/Documents/DeepLearning_ComputerVisionProject/data/raw/Cat/Abyssinian_159.jpg,Cat
/Users/ysaismartinez/Documents/DeepLearning_ComputerVisionProject/data/raw/Dog/american_bulldog_127.jpg,Dog
/Users/ysaismartinez/Documents/DeepLearning_ComputerVisionProject/data/raw/Cat/Abyssinian_133.jpg,Cat
/Users/ysaismartinez/Documents/DeepLearning_ComputerVisionProject/data/raw/Dog/american_bulldog_217.jpg,Dog
/Users/ysaismartinez/Documents/DeepLearning_ComputerVisionProject/data/raw/Dog/american_bulldog_70.jpg,Dog
/Users/ysaismartinez/Documents/DeepLearning_ComputerVisionProject/data/raw/Dog/american_bulldog_31.jpg,Dog
/Users/ysaismartinez/Documents/DeepLearning_ComputerVisionProject/data/raw/Cat/Abyssinian_45.jpg,Cat
/Users/ysaismartinez/Documents/DeepLearning_ComputerVisionProject/data/raw/Dog/american_bulldog_107.jpg,Dog
/Users/ysaismartinez/Documents/DeepLearning_ComputerVisionProject/data/raw/Cat/Abyssinian_116.jpg,Cat
/Users/ysaismartinez/Documents/DeepLearning_ComputerVisionProject/data/raw/Dog/american_bulldog_119.jpg,Dog
/Users/ysaismartinez/Documents/DeepLearning_ComputerVisionProject/data/raw/Dog/american_bulldog_45.jpg,Dog
/Users/ysaismartinez/Documents/DeepLearning_ComputerVisionProject/data/raw/Dog/american_bulldog_69.jpg,Dog
/Users/ysaismartinez/Documents/DeepLearning_ComputerVisionProject/data/raw/Cat/Abyssinian_176.jpg,Cat
/Users/ysaismartinez/Documents/DeepLearning_ComputerVisionProject/data/raw/Cat/Abyssinian_16.jpg,Cat
/Users/ysaismartinez/Documents/DeepLearning_ComputerVisionProject/data/raw/Cat/Abyssinian_58.jpg,Cat
/Users/ysaismartinez/Documents/DeepLearning_ComputerVisionProject/data/raw/Dog/american_bulldog_111.jpg,Dog
/Users/ysaismartinez/Documents/DeepLearning_ComputerVisionProject/data/raw/Dog/american_bulldog_209.jpg,Dog
/Users/ysaismartinez/Documents/DeepLearning_ComputerVisionProject/data/raw/Cat/Abyssinian_85.jpg,Cat
/Users/ysaismartinez/Documents/DeepLearning_ComputerVisionProject/data/raw/Dog/american_bulldog_6.jpg,Dog
/Users/ysaismartinez/Documents/DeepLearning_ComputerVisionProject/data/raw/Cat/Abyssinian_204.jpg,Cat
/Users/ysaismartinez/Documents/DeepLearning_ComputerVisionProject/data/raw/Cat/Abyssinian_149.jpg,Cat
/Users/ysaismartinez/Documents/DeepLearning_ComputerVisionProject/data/raw/Cat/Abyssinian_179.jpg,Cat
/Users/ysaismartinez/Documents/DeepLearning_ComputerVisionProject/data/raw/Cat/Abyssinian_34.jpg,Cat
/Users/ysaismartinez/Documents/DeepLearning_ComputerVisionProject/data/raw/Cat/Abyssinian_68.jpg,Cat
/Users/ysaismartinez/Documents/DeepLearning_ComputerVisionProject/data/raw/Dog/american_bulldog_105.jpg,Dog
/Users/ysaismartinez/Documents/DeepLearning_ComputerVisionProject/data/raw/Cat/Abyssinian_75.jpg,Cat
/Users/ysaismartinez/Documents/DeepLearning_ComputerVisionProject/data/raw/Cat/Abyssinian_97.jpg,Cat
/Users/ysaismartinez/Documents/DeepLearning_ComputerVisionProject/data/raw/Dog/american_bulldog_114.jpg,Dog
/Users/ysaismartinez/Documents/DeepLearning_ComputerVisionProject/data/raw/Cat/Abyssinian_62.jpg,Cat
/Users/ysaismartinez/Documents/DeepLearning_ComputerVisionProject/data/raw/Cat/Abyssinian_72.jpg,Cat
/Users/ysaismartinez/Documents/DeepLearning_ComputerVisionProject/data/raw/Cat/Abyssinian_56.jpg,Cat
/Users/ysaismartinez/Documents/DeepLearning_ComputerVisionProject/data/raw/Dog/american_bulldog_113.jpg,Dog
/Users/ysaismartinez/Documents/DeepLearning_ComputerVisionProject/data/raw/Cat/Abyssinian_49.jpg,Cat
/Users/ysaismartinez/Documents/DeepLearning_ComputerVisionProject/data/raw/Cat/Abyssinian_83.jpg,Cat
/Users/ysaismartinez/Documents/DeepLearning_ComputerVisionProject/data/raw/Cat/Abyssinian_178.jpg,Cat
/Users/ysaismartinez/Documents/DeepLearning_ComputerVisionProject/data/raw/Dog/american_bulldog_139.jpg,Dog
/Users/ysaismartinez/Documents/DeepLearning_ComputerVisionProject/data/raw/Cat/Abyssinian_105.jpg,Cat
/Users/ysaismartinez/Documents/DeepLearning_ComputerVisionProject/data/raw/Cat/Abyssinian_78.jpg,Cat
/Users/ysaismartinez/Documents/DeepLearning_ComputerVisionProject/data/raw/Other/AG-Furrnando-and-Harley-on-Cottontal-Cottage.jpg,Other
/Users/ysaismartinez/Documents/DeepLearning_ComputerVisionProject/data/raw/Dog/american_bulldog_205.jpg,Dog
/Users/ysaismartinez/Documents/DeepLearning_ComputerVisionProject/data/raw/Cat/Abyssinian_129.jpg,Cat
/Users/ysaismartinez/Documents/DeepLearning_ComputerVisionProject/data/raw/Dog/american_bulldog_141.jpg,Dog
/Users/ysaismartinez/Documents/DeepLearning_ComputerVisionProject/data/raw/Cat/Abyssinian_114.jpg,Cat
/Users/ysaismartinez/Documents/DeepLearning_ComputerVisionProject/data/raw/Dog/american_bulldog_39.jpg,Dog
/Users/ysaismartinez/Documents/DeepLearning_ComputerVisionProject/data/raw/Cat/Abyssinian_27.jpg,Cat
/Users/ysaismartinez/Documents/DeepLearning_ComputerVisionProject/data/raw/Dog/american_bulldog_117.jpg,Dog
/Users/ysaismartinez/Documents/DeepLearning_ComputerVisionProject/data/raw/Dog/american_bulldog_193.jpg,Dog
/Users/ysaismartinez/Documents/DeepLearning_ComputerVisionProject/data/raw/Cat/Abyssinian_57.jpg,Cat
/Users/ysaismartinez/Documents/DeepLearning_ComputerVisionProject/data/raw/Dog/american_bulldog_124.jpg,Dog
/Users/ysaismartinez/Documents/DeepLearning_ComputerVisionProject/data/raw/Cat/Abyssinian_36.jpg,Cat
/Users/ysaismartinez/Documents/DeepLearning_ComputerVisionProject/data/raw/Dog/american_bulldog_64.jpg,Dog
/Users/ysaismartinez/Documents/DeepLearning_ComputerVisionProject/data/raw/Dog/american_bulldog_143.jpg,Dog
/Users/ysaismartinez/Documents/DeepLearning_ComputerVisionProject/data/raw/Dog/american_bulldog_49.jpg,Dog
/Users/ysaismartinez/Documents/DeepLearning_ComputerVisionProject/data/raw/Cat/Abyssinian_150.jpg,Cat
/Users/ysaismartinez/Documents/DeepLearning_ComputerVisionProject/data/raw/Dog/american_bulldog_201.jpg,Dog
/Users/ysaismartinez/Documents/DeepLearning_ComputerVisionProject/data/raw/Cat/Abyssinian_1.jpg,Cat
/Users/ysaismartinez/Documents/DeepLearning_ComputerVisionProject/data/raw/Cat/Abyssinian_77.jpg,Cat
/Users/ysaismartinez/Documents/DeepLearning_ComputerVisionProject/data/raw/Cat/Abyssinian_137.jpg,Cat
/Users/ysaismartinez/Documents/DeepLearning_ComputerVisionProject/data/raw/Dog/american_bulldog_101.jpg,Dog
/Users/ysaismartinez/Documents/DeepLearning_ComputerVisionProject/data/raw/Dog/american_bulldog_84.jpg,Dog
